-- Завдання №2 - наповнити БД
-- populate_db.sql
--drop table worker
--delete from worker
--select * from client
--drop table client
--select * from project
--drop table project
--select * from project_worker
--drop table project_worker
insert into worker (id, name, birthday, level) values
 (1,'Theodore Roosevelt','1965-01-01','Senior')
,(2,'Franklin D. Roosevelt','1979-04-29','Middle')
,(3,'Harry S. Truman','1969-05-30','Junior')
,(4,'John F. Kennedy','1963-07-31','Senior')
,(5,'Richard M. Nixon','1969-09-11','Trainee')
,(6,'Jimmy Carter','1974-11-08','Junior')
,(7,'Ronald Reagan','1977-12-07','Middle')
,(8,'George Bush','1981-01-06','Junior')
,(9,'Bill Clinton','1989-02-21','Trainee')
,(10,'George W. Bush','1993-03-22','Trainee')
,(11,'Barack Obama','1994-04-11','Senior')
,(12,'Donald J. Trump','1999-05-19','Junior')
,(13,'Joseph R. Biden','2001-06-30','Trainee')

update worker set salary = 900 where level = 'Trainee'
update worker set salary = 1900 where level = 'Junior'
update worker set salary = 3500 where level = 'Middle'
update worker set salary = 4900 where level = 'Senior'


insert into client (id, name) values (1,'Boston Consulting Group'), (2,'ADOBE'), (3, 'Instacart'), (4,'Uber'), (5, 'WorkDay'), (6,'AT&T'), (7,'Informatica'), (8,'Trustwave'), (9,'IBM')

insert into project (id, client_id, start_date, finish_date) values
(1, 1,'2016-08-02 14:23:00','2016-12-10 15:23:00'),
(2, 2,'2016-08-22 11:35:00','2017-03-30 21:35:00'),
(3, 3,'2016-09-21 12:03:00','2016-12-30 22:03:00'),
(4, 4,'2016-11-11 08:27:00','2017-05-19 00:27:00'),
(5, 3,'2017-01-10 09:27:00','2017-09-20 00:27:00'),
(6, 4,'2017-03-20 12:03:00','2017-11-28 22:03:00'),
(7, 5,'2017-06-08 10:15:00','2017-10-16 17:15:00'),
(8, 3,'2017-09-06 10:03:00','2017-12-15 10:03:00'),
(9, 5,'2017-12-15 10:27:00','2018-03-25 00:27:00'),
(10,2,'2018-03-12 13:27:00','2018-08-20 00:27:00'),
(11,1,'2018-05-25 10:03:00','2018-09-02 10:03:00'),
(12,3,'2018-07-26 15:15:00','2018-09-03 05:15:00'),
(13,5,'2018-09-13 10:03:00','2018-12-22 10:03:00'),
(14,6,'2018-11-06 10:03:00','2019-06-14 10:03:00'),
(15,5,'2019-01-04 15:15:00','2019-07-14 05:15:00'),
(16,3,'2019-03-08 17:39:00','2019-06-16 19:39:00'),
(17,4,'2019-05-16 15:15:00','2019-06-24 05:15:00'),
(18,7,'2019-07-28 10:03:00','2019-11-05 10:03:00'),
(20,8,'2019-12-09 15:15:00','2020-03-18 05:15:00'),
(21,9,'2020-02-07 16:39:00','2020-08-17 19:39:00')


insert into project_worker(project_id, worker_id)  values
(1,1),(1,2),(2,1),(3,2),(2,2),(3,3),(4,1),(4,4),(4,5),(5,6),(5,4),
(5,1),(5,2),(6,3),(6,7),(6,5),(6,4),(7,6),(7,8),(7,1),(7,2),(8,3),
(8,4),(9,5),(9,6),(8,9),(9,7),(9,8),(10,1),(10,2),(10,3),(11,4),
(10,10),(11,5),(11,6),(12,7),(12,8),(12,9),(13,1),(13,3),(13,2),
(13,11),(12,4),(13,10),(14,4),(14,5),(14,6),(14,12),(15,7),(15,8),
(16,1),(16,2),(16,3),(17,4),(16,11),(17,9),(17,6),(18,5),(18,10),
(18,9),(18,12),(18,13),(19,1),(19,4),(19,2),(19,3),(20,8),(20,7),
(20,9),(21,5),(21,6),(21,11),(21,13)


